{"nVersion":1,"logoPosition":{"pinnedPosition":"BottomLeft","nWidthPct":68.29968119022317,"nHeightPct":90.76388888888887}}